STATE,STATEID,DMS395,DMS396,DMS397,DMS398,DMS427,DMS429,DMS430,DMS455,DMS461,DMS466,DMS468,DMS470,DMS472,DMS474,DMS476,DMS477,DMS491,DMS497,DMS498,DMS499,DMS501,DMS506,DMS507,PVS519,PVS521,PVS523,PVS542,PVS546,PVS551,CRC66,CRC67,CRC68,CRC86,CRC186,CRC192,CRC207,CRC228,CRC258,CRS29,CRS31,CRS33,CRS35,CRS37,CRS38,CRS40,CRS41,CRS42,CRS43,CRS44,CRS45,CRS46,CRS48,CRS50,CRS51,CRS52,CRS53,CRS54,CRS55,CRS58,CRS60,CRS61,CRS63,DFS70,DFS71,DFS79,DFS80,DFS81,DFS88,DFS90,ECS96,ECS100,ECS103,ECS105,ECS445,LES64,LES65,LES66,EDS117,EDS124,EDS125,EDS127,EDS128,EDS129,EDS130,EDS131,EDS134,EDS135,EDS137,EDS140,EDS144,EDS151,EDS154,EMS168,EMS169,EMS170,EMS184,EMS186,ENS236,ENS231,ENS232,ENS233,HTC254,HTC255,HTH100,HTH101,HTH102,HTH165,HTH168,HTH171,HTH174,HTH177,HTH180,HTH186,HTH398,HTH405,HTH408,HTH503,HTH505,HTH507,HTH508,HTH510,HTH515,HTH519,HTH520,HTH522,HTH524,HTH525,HTH527,HTS248,HTS384,HTS386,HTS387,HTS389,HTS390,HTS391,HTS399,HTS401,HTS403,HTS405,HTS406,HTS409,HTS411,HTS415,HTS417,HTS418,HTS419,HTS420,HTS421,HTS422,HTS423,HTS573,HTS577,POS513,POS515,MURDPCT,MURDCPT
Mississippi,25,15.9,12.3,17.1,53.7,2.59,46.6,10.4,2951996,62.9,60.6,37.2,2.2,0.8,0.5,0.9,35.32,12.6,2.1,3.6,2.1,5.4,4.4,3.16,20.97,30.4,50.5,5,186.14,17.1,503,1742,611,10,6878.6,144.9,1483.8,454.1,9.1,94781,3225.3,8373,284.9,237,8.1,890,30.3,3016,102.6,4230,143.9,86408,2940.4,26024,885.6,54032,1838.7,6352,216.2,8278.2,22754,735,60,7095565,2.4,8317,8714,19176,9.6,2.1,31233,30399,37416.05,475,75.4,242,196,148,90.7,14.7,45644,19,17,22,15,79.9,4.3,18.9,2299,1399,789,498,19.4,37436,27697, ,52.1,68.6,3,59521069,22257707,9058061,40.6,16.7,10.6,7.1,14.6,63.8,33.3,16.3,10.9,11.2,5.5,6.6,991.2,7,12,37.4,1.1,1.9,62.3,22.7,7.1,32.5,19.7,33.7,59.5,27.3,21.2,50,47.7,19.1,31.3,205,930,41,3.2,64,10.6,943.5,6090,479.3,63.8,270.9,11.4,187,6.7,2.6,22.7,67.5,75.8,1.79,71.3,77,69.7,2.830526692941598,2.830526692941598
District of Columbia,9,15.1,11.1,12.1,58.5,2.23,21.8,8.9,599657,9830.4,40.1,54.4,8.6,3.4,0.4,1.6,34.94,11.9,13.2,14.4,6.9,4.1,2.5,3.31,17.73,25.9,34.9,5.8,329.8,17.2,56,1065,267,0, , , , ,24.2,38720,6542.3,8509,1437.7,186,31.4,186,31.4,4430,748.5,3707,626.4,30211,5104.6,3788,640,19958,3372.2,6465,1092.4, , , , ,69574433,116.02,10592,14946,6894,7.9,1.3,164295,66119, ,169,44.1,799,851,384,99.1,12.4,64548,14,12,17,11,85.8,7.1,19.4,2637,2427,210,1530,48.2,57393,50519,8.25,64.4,63.2,0,38186,1274,17033, , ,11.3, ,14.5,38.5,6.9,23,25.8,5.2,14.1,3,1653.3,9.6,11.5,33.9,8.6,4.4,38.7,16.2,12.1,21.2,30.9,28.6,72.6,15.9,13.9,0,72.5,10.4,25.2,889,1566,105,5.5,316,11.3,866.9,970,433.6,38.1,260,5.1,217,37.3,4.5,16.2,55.1,77.6,0.94,90,78.3,74.1,2.185920789752027,2.185920789752027
Vermont,46,10.5,6.2,7.6,36.6,2.4,50.6,6.7,621760,67.2,96.4,0.9,1.4,1.1,0.4,1.2,41.18,13.9,3.9,5.3,1,7.6,3.6,2.9,10.33,13.2,29.8,3.9,496.26,11.6,304,3797, ,0,2725,91.3,569.1,273.9,6.6,16615,2674.4,844,135.9,17,2.7,127,20.4,89,14.3,611,98.3,15771,2538.5,3462,557.2,11724,1887.1,585,94.2,2654.7,2116,260, ,6721884,10.81,256,651,4201,10.8,3.7,40952,38686,51808.83,236,72.8,186,228,183,93.5,10.7,49053,41,42,51,43,90.6, ,23.1,3472,2118,1146,661,32.1,41778,34424,8.06,68.8,75.4,2,336289,22875,179592,42.6,24.1,5.5,5.6, ,48.2,14.6,8.7, ,13,10.1,3,199.3,9.9,11.8,34.7,5.3,1.9,35.1,16.8,11.5,19.4,33.2,24.8,75.5,19.8,11.5,2,56,10.2,2.7,445,950,58, ,247,5.5,730.3,1150,571,45.2,175.5,12,6, ,3,16.8,58.5,64.5,1,87.3,72.5,64.7,2.014218009478673,2.014218009478673
Maine,20,10.7,6.3,8.4,39.1,2.36,50,6.2,1318301,42.7,96.4,1,1.3,0.9,0.6,1.1,41.97,15.1,3,7.1,0.9,7.1,3.6,2.88,12.4,15.8,42.2,4.4,357.38,15.3,262,1992, ,0,5318.9,65.4,1617,426.9,14.7,33832,2569.9,1547,117.5,31,2.4,375,28.5,333,25.3,808,61.4,32285,2452.4,6522,495.4,24587,1867.7,1176,89.3,4341.8,2195,151, ,6738762,5.11,808,6767,5775,13.5,2.8,37760,36457,48567.52,267,73.9,195,176,151,91.4,11.9,46106,36,37,45,35,89.7,5.3,23.1,2347,1661,571,572,25.4,40908,32613,7.5,60.6,69.1,2,11124513,5039441,3374134,39.3,22,6.3,6.2, ,43.3,14.6,7.9,1.5,12,8.6,3.6,206.1,10.3,12.5,31.7,3.7,2.2,41.1,18.2,9.6,22.8,31.9,28.7,71.5,21.9,13.1,12,57.1,9.5,5.8,326,1065,50,1.8,189,6.3,773.5,3190,682.7,40.6,174,11,12, ,2.8,18.2,61.9,73.6,1.06,83,79.7,71.2,2.0038784744667097,2.0038784744667097
Virginia,47,14.1,8.6,8.6,35.2,2.54,51.3,7.1,7882590,199.1,73,19.9,6.8,4.9,0.4,1.7,37.11,12.1,10.2,13.3,5.9,7.3,3.8,3.08,9.9,13.8,30.6,2.6,272.61,8.3,396,2331,487,102,5269.1,142.2,867.8,352.1,3.5,215516,2774,19882,255.9,368,4.7,1758,22.6,7437,95.7,10319,132.8,195634,2518.1,31993,411.8,150382,1935.6,13259,170.7,4390,38276,489,15,30915010,3.92,66324,84492,35978,13.8,1.9,51103,44224,61471.85,434,70.6,290,248,252,95.5,17.1,49999,38,34,43,36,85.9,2.6,21.9,2716,1843,773,611,33.7,50203,37859,7.25,63.3,66.6,4,67926500,40179013,18382941, , ,7.1,5.4,13.3,35.4,12.6,10.7,5.4,11.5,4.6,3.9,542.2,9.3,10.9,28.6,3.6,1.6,46.6,16.4,8.2,23.6,30,27.1,75.2,14.6,12.7,11,59.1,13.5,8.2,316,770,59,4.1,254,7.1,770.6,13920,433.2,35.7,190.8,11.1,251,3.1,2.4,16.4,61.6,72.9,1,80.6,74.3,68.7,1.8509204305401872,1.8509204305401872
Louisiana,19,15.4,11,13.7,50.9,2.64,46.7,9.2,4492076,103.1,64.8,32,3.4,1.4,0.6,1.1,35.62,12.2,3.1,8.1,2.9,8.2, ,3.25,18.3,24.7,44.9,4.3,316.54,16.1,523,2452,244,27,6887.2,601.7,1560,577.9,8.8,197574,4479.3,28944,656.2,527,11.9,1232,27.9,5994,135.9,21191,480.4,168630,3823.1,43320,982.1,111567,2529.4,13743,311.6,5684.5,38381,853,84,23694494,5.27,16160,6397,21618,9.4,2.2,50380,36424,40476.1,388,73.5,399,277,245,75.5,14,50349,20,19,23,20,81.2,7.4,20.1,2294,1498,615,492,20.3,43326,29147, ,54.8,65.9,11,130440759,51879261,12811400, , ,9.9,6.2,15.8,56.5,23.7,19.4,12.9,11.5,5.2,6.9,764.5,8,12.7,40,2.5,2.3,53.5,20.5,8.2,29.8,20.5,32.1,69.8,23.2,18.3,102,52.8,20.1,33.3,292,890,48,2.6, ,9.9,921.8,8810,493.5,56.6,232.3,11.6,338,8.1,3,20.5,63.8,81.9,2.02,75.5,78.3,70.3,1.820757324488668,1.820757324488668
Alabama,1,14,10.4,13.6,38.4,2.5,48.8,8,4708708,92.8,71,26.4,2.9,1,0.5,1.1,37.47,13.8,2.8,4.1,2.5,8.4,4.2,3.1,16.4,21.7,43.5,4.5,209.23,14.4,542,1916, ,38,3149.1,176.4,925.9,242.2,8.2,211454,4535.7,21111,452.8,353,7.6,1617,34.7,7346,157.6,11795,253,190343,4082.9,50408,1081.3,126477,2713,13458,288.7,5624,30508,634,205,11293846,2.4,9485,23446,24939,11.6,1.8,36469,33768,42946.07,722,73,241,211,166,92.4,14.8,47156,29,21,24,20,81.9,2.3,20.3,2530,1536,863,577,22,41411,30681, ,53.1,64.6,1,113473893,47183706,5876097, , ,9,6.7,14.2,54.5,26.6,17,9.7,12.6,5.4,4.8,755.2,7.8,11.5,31.4,1.9,1.5,61.8,22.1,7,29.5,21.7,33.1,65,26,21.2,105,62.9,13,18.4,243,889,44,4.5,184,9,930.3,9900,511.6,53.8,253.3,12.4,189,4.2,2.3,22.1,67.9,75.1,1.63,86.1,71.6,62.4,1.6721140637582301,1.6721140637582301
South Dakota,42,15.4,7,9.8,38.4,2.42,51.4,6.4,812383,10.7,88.2,1.1,2.6,0.7,8.5,1.4,37.26,14.4,1.9,6,1.9,7.7,3.1,3.01,13.07,17.6,40.8,2.4,352.29,9.1,470,4710, ,1,8511.2,79.3,1647,592.1,7.5,14854,1847,1620,201.4,26,3.2,432,53.7,120,14.9,1042,129.6,13234,1645.6,2430,302.2,10004,1244,800,99.5,4398.7,3342,412,3,6726325,8.28,3389,1287,5570,12,2.7,45958,38661,49437.42,206,70.4,210,172,176,85.9,12.9,35136,34,37,42,42,90.3,3.9,22,2027,1335,584,589,25.1,37493,28431,7.25,68.3,78.1,2,7790733,1925537,2424482,44.5,17.7,6.9,5.3, ,57.8,24.7,9.8,2.7,16,12.5,7,418.5,7.2,10.1,38.5,1.9,2.4,41.7,17.5,6.7,26.9,25.4,25.5,72.6,18.6,12.1,35,47.3,11.5,26.5,254,1244,50, ,63,6.9,693.4,1640,507.1,53,177,16,8, ,3,17.5,64.9,77.4,1.32,71.8,76.9,67.8,1.6049382716049383,1.6049382716049383
Kentucky,18,14,9.3,12.9,39.3,2.46,50.3,7,4314113,108.6,89.9,7.7,2.4,1,0.3,1.1,37.74,13.3,2.8,4.2,2.2,8.3,4.9,3.03,17.2,23.5,46.2,5.7,264.17,16.3,561,2793,757,3, , , , ,18.7,122960,2880.1,12646,296.2,198,4.6,1408,33,4004,93.8,7036,164.8,110314,2583.9,28839,675.5,73808,1728.8,7667,179.6, ,21706,492,36,11045187,2.56,41288,8096,15597,10.4,1.9,36643,32076,41427.08,559,72.8,185,148,155,94.8,15.3,48354,33,28,37,27,81.3,3,19.4,2288,1391,704,648,19.7,40977,31089,7.25,55.8,62.5,6,98230101,61817497,5305784,40.6,16.4,7.5,6.8,15,58.2,22.2,12.6,4.6,14.8,5.5,5.6,396.2,9.7,13.6,26.2,1.5,1.7,61.4,25.2,8.1,30.5,21.7,30,64.4,23.7,20.3,38,56.6,15,11.4,259,958,55, ,67,7.5,897.6,9410,557.7,57.5,235.5,14.6,81,1.9,2.1,25.2,66.8,74.1,1.74,73.3,73,63.1,1.5657124782539933,1.5657124782539933
Indiana,15,14.2,8.5,11.2,42.4,2.49,50.4,7.6,6423113,179.1,88,9.1,5.2,1.4,0.3,1.2,36.74,12.8,4,7.2,4,7.9, ,3.06,12.7,18.3,37.3,2.9,208.45,11,463,2526,579,19,7479.3,289.7,1733.3,460.3,11.6,233998,3669.6,21283,333.8,327,5.1,1720,27,7532,118.1,11704,183.5,212715,3335.8,48645,762.8,146615,2299.2,17455,273.7,4737.7,28322,442,13,19314399,3.01,970,9998,23905,10.5,1.9,39967,34605,48095.22,716,74.4,194,175,154,91.5,16.8,49986,33,31,42,36,86.2,2.7,22.2,2437,1577,725,598,22.9,44906,31935,7.25,59.8,68.1,9,228963262,63231489,27304625,43.9,18.9,8,6.7,18.7,39.3,15.1,11.8,5.9,13.1,5.3,4.5,489.5,9.2,12.8,28.8,2.2,2,48.8,26,8.4,27.7,26.5,27.9,68.3,21.7,16.7,13,53.8,11.8,7.1,245,884,48,4.5,120,8,812.5,12820,487.6,38.7,217.2,13,141,2.2,2.4,26,63.6,75.5,1.15,91.2,68.1,60.5,1.5364375323027768,1.5364375323027768
Missouri,26,13.9,7.8,11.4,40.5,2.46,49.8,7.1,5987580,86.9,85,11.5,3.2,1.5,0.5,1.4,37.55,13.6,3.6,5.6,2.5,6.7,3.8,3.04,13.33,18.6,40.3,3.6,230.44,17.3,487,2556,587,66,7570.8,274.3,1933.4,567.6,5.1,246404,4168.1,29819,504.4,455,7.7,1615,27.3,7390,125,20359,344.4,216585,3663.7,45788,774.5,150032,2537.9,20765,351.3,5992,30186,509,50,28169120,4.7,18520,9257,27403,11.5,1.9,40225,36631,47138.6,488,71.4,245,238,136,89.7,13.4,45317,32,31,41,35,86.5,3.7,21.6,2165,1511,562,663,25,42106,31820,7.25,61.7,69.1,5,96839277,18303380,1690965,44.4,19,7.4,6.1,14.9,51.5,19,13.1,7.1,13.7,6.6,5.3,562.3,8.4,13,33.5,2.6,2.2,48,25,8,27.6,25.5,29.4,62.7,26.2,16.8,63,56.9,12.8,21.2,270,1009,48,2.3,93,7.4,826.8,12620,502.5,49.7,224.4,13.5,120,2.1,2.7,25,65.5,72.9,1.41,75.8,74.5,65.8,1.5258727656863074,1.5258727656863074
North Carolina,34,14.5,9.2,11.7,41.2,2.49,49.4,7.9,9380884,192.6,73.9,21.6,7.4,1.9,1.3,1.2,36.91,12.4,7,9.8,6.6,6.4,3.8,3.05,14.53,19.9,39.7,2.8,213.1,12.1,320,1727, ,43,5881.7,305.2,1613.3,457.1,11.7,416060,4511.4,43099,467.3,604,6.5,2284,24.8,14334,155.4,25877,280.6,372961,4044.1,111602,1210.1,234616,2544,26743,290,6258.9,39482,368,161,21273139,2.27,100031,19164,30446,11,1.4,43393,35344,43537.82,273,69.4,246,225,193,94,14,48648,29,28,43,36,83.6,5.7,21.6,2380,1389,921,594,26.1,40875,32397,7.25,57.9,66.5,1,122105656,82310718,9156743,37.7,19.1,8.1,6,15.1,46.9,19.2,12.8,7,12.5,6.9,3.8,593.5,7.6,10.9,29.3,2.4,1.6,55.7,20.9,7.2,24.6,23.4,28.8,68.5,21.3,17.5,40,54.4,16.6,5.7,289,911,45,3.1,274,8.1,834.3,18550,450.6,47,195.3,12.2,427,4.7,2.3,20.9,65.7,70.8,1.41,89.8,75.7,67.5,1.4014246270215085,1.4014246270215085
Arizona,3,16.2,7.1,12.7,45.2,2.81,48.7,7.1,6595778,58,86.5,4.2,30.1,2.5,4.9,1.8,35.09,13.3,14.3,27.5,21.5,5.8,3.7,3.46,14.37,20.8,36.1,2.8,266.97,12.3,590,3294,1075,23,7559.5,227.4,1554,760.2,2.4,307979,4738,29059,447,407,6.3,1673,25.7,9697,149.2,17282,265.9,278920,4291,56481,868.9,185221,2849.5,37218,572.6,5210.5,39589,567,119,30086524,4.56,21371,9140,19245,11.7,1.8,38289,34335,48589.12,447,69.1,220,322,243,101.7,20.1,46952,24,24,28,29,83.8,7.6,21.9,2039,1337,617,964,25.1,41524,34556,7.25,56.2,59.7,3,88011463,3971665,4364,45.6,22,6.4,6,16.9,54.4,21.5,15.9,8.9,15.9,10.8,2.9,450.2,9.8,12,34.3,2.9,2.1,45.3,15.9,9.1,23.2,29.5,24.8,68.3,13.5,16,4,53.4,19.6,16.4,248,581,51,6.1,106,6.4,682.5,10260,418.4,53.8,164.2,16,138,2.4,2.8,15.9,61.3,76.4,1.52,79.9,68.9,59.9,1.4005987817887746,1.4005987817887746
Maryland,21,13.9,9.1,8.9,40.9,2.62,48.1,7.8,5699478,583.1,63.4,29.4,6.7,5.1,0.4,1.6,37.67,12.1,12.4,15.1,5.6,5.9,2.9,3.22,8.07,10.2,20.4,2.6,411.29,8,288,1579, ,5,7836.1,607.5,2070.2,1270.4, ,233558,4145.8,35393,628.2,493,8.8,1127,20,13203,234.4,20570,365.1,198165,3517.6,38849,689.6,133983,2378.3,25333,449.7,5384.8,23324,403,5,27342383,4.8,27659,32521,21043,11.1,1.6,48518,48378,66617.56,409,70.6,272,317,296,87.7,14.3,65333,36,33,44,40,88,3.8,22.1,2779,1892,768,599,35.2,53189,44188,7.25,64,71.8,4,50535275,40978686,2052280,42.9,19.4,8,6,11.8,25.9,12.9,12.1,10.1,8.8,5.2,2.1,564.4,9.4,9.7,25.7,3.2,2.3,43.8,14.9,7,24,27.7,29.1,72.6,12.4,12.5,8,58.2,13.2,5.7,470,897,75,4.3,123,8,782.9,10320,467.6,26.1,205.6,8.6,483,8.1,2.5,14.9,63.4,80.2,1.07,93.3,73.9,68.3,1.3929308055265166,1.3929308055265166
Pennsylvania,39,12.1,8.4,9.3,39.7,2.44,48.9,6.9,12604767,281.2,85.4,10.8,4.8,2.4,0.2,1.1,39.9,15.3,5.3,9.4,3.7,5.6,2.7,3.03,11.93,16.8,37.4,3.7,304.17,10.6,305,2792,1714,3,8207.6,424.7,1103.7,484.4,1.5,351068,2820.2,51036,410,701,5.6,3478,27.9,18873,151.6,27984,224.8,300032,2410.2,58620,470.9,218941,1758.8,22471,180.5,4024.1,50147,393,223,57855730,4.59,3022,26041,39869,10.3,1.9,44448,40140,51155.95,280,72.6,215,215,245,88.8,13.3,58124,40,36,46,40,87.5, ,22.1,2633,1830,546,590,26.3,46455,35265,7.25,58.6,65.2,28,163119212,79387526,10706605, , ,7.6,6.2,15.2,42.6,13.1,11,6.2,11.2,4,4,430.9,9.3,10.5,33.7,2.1,1.6,45.4,21.3,7,25.7,28.6,28.1,71.1,21.5,16.3,7,61.3,9.8,5.9,348,1027,62, ,246,7.6,790.7,28690,588.4,39.4,207.1,10.8,367,2.9,2.5,21.3,64.4,77.7,1.36,85.1,70.1,62.4,1.3735402461007917,1.3735402461007917
Georgia,11,15.9,9.1,12.2,43.3,2.71,48.6,8.9,9829211,169.7,65.4,30,8,2.9,0.4,1.3,34.92,10.1,9.4,12.5,7.2,5.9, ,3.31,14.57,20.1,37,2.6,197.01,13.1,623,2068,576,43,5728.3,279,1345.6,466,14.1,435319,4494.4,46384,478.9,636,6.6,2195,22.7,17357,179.2,26196,270.5,388935,4015.5,100629,1038.9,248678,2567.5,39628,409.1,4484.7,52719,540,105,33716473,3.43,70495,35110,36361,10.8,1.7,41066,34893,49810.19,718,68.2,266,224,232,94.7,14.1,54274,28,26,34,27,83.9,4.6,20.6,2439,1780,502,476,27.5,42391,34513,5.15,58.2,63.1,4,117175962,83337231,10601709,37.7,19.6,8.1,5.8,12.9,41.4,18.7,12.2,7.3,9.9,5.3,3.8,626.7,8.5,12.1,29.5,2.3,1.8,53.2,19.5,7.5,23.1,28.1,30.4,71.8,23.1,16.4,72,53.4,17.7,14.3,245,669,45,4.1,206,8.1, ,14970,397.6,43.8,213.2,10,684,7.2,2.4,19.5,64.7,71.9,1.37,89.6,71,64.2,1.3711624698171783,1.3711624698171783
Ohio,36,13.2,8.7,11,42.2,2.48,48.3,7.6,11542645,281.9,84.8,12,2.6,1.6,0.3,1.3,38.14,13.7,3.7,6,2,6.1,3.4,3.08,13.27,18.5,41.1,3.7,327.53,11.8,344,2196,613,28,5207.7,159.8,1086.2,359.6,14,431859,3759.9,39997,348.2,543,4.7,4419,38.5,18719,163,16316,142.1,391862,3411.7,102544,892.8,260786,2270.5,28532,248.4,3628.1,51686,449,172,40437889,3.5,6723,23120,34899,10.4,1.8,41051,36021,48978.46,585,70.8,226,258,142,91.2,16.6,55931,36,36,45,36,87.6,4.5,21.7,2601,1790,650,565,24.1,45214,33628,7.3,61.1,68.6,7,274396441,115101631,9312046,45.7,17.7,7.8,6.1,16.9,42,11.9,9.7,5.8,11.5,6.2,3,560.5,9.6,11.5,33.6,2.2,1.2,46.4,20.1,7.9,26,28,28.4,72.2,20.8,15.6,16,61.6,11.1,6,301,997,53, ,219,7.8,830.8,24350,540.8,40.2,216.1,11.2,232,2,2.3,20.1,63.4,81.8,1.1,82.7,73,65.5,1.3576018201365103,1.3576018201365103
New Jersey,31,13.4,8.5,6.4,34.4,2.69,51.5,6.8,8707739,1174,76,14.5,16.3,7.7,0.3,1.4,38.68,13.3,19.8,27.9,14,5.3,3,3.29,8.67,12.5,27.8,2.7,315.64,5.7,190,2352,630,0,5710.3,330.2,920.6,639,3.7,227477,2619.9,28351,326.5,376,4.3,1122,12.9,12701,146.3,14152,163,199126,2293.4,40401,465.3,138545,1595.7,20180,232.4,4625,25953,298, ,62035995,7.12,6011,14426,20526,7,1,54699,51358,66939.32,374,67.3,366,353,235,93.5,12.4,64809,43,39,49,44,87.4,2,23.1,3429,2740,551,505,34.4,55980,44343,7.25,60.8,65,29,20561802,8991984,7668127, , ,5.5,4.4,11.5,29.7,8.9,5.6,5.1,6.7,5.3,2.2,321.5,8.6,9.7,23.3,4.8,2.4,45.5,14.8,6.5,26.9,27.3,28.2,75.9,17.2,15.6,1,67.5,15.1,1.7,354,873,82,5,269,5.5,724,16480,550.3,28.7,200.9,6.5,539,5.8,2.6,14.8,62.1,68.5,0.8,91.8,70.9,64.1,1.326231878946069,1.326231878946069
Nebraska,28,15.2,7,8.6,33.4,2.46,51.8,5.7,1796619,23.4,91.4,4.5,7.9,1.7,1.1,1.3,36.21,13.5,5.5,9.1,6.1,7,3.4,3.04,11.17,13.4,33.5,2.2,291.07,7.4,290,2418,739,3,8631.6,138.7,2004.2,654.6,9.2,56754,3182.3,5416,303.7,68,3.8,583,32.7,1299,72.8,3466,194.3,51338,2878.6,8775,492,38375,2151.8,4188,234.8,5464.6,4520,247,9,8398024,4.67,6226,3486,8999,11.1,2.8,46693,39150,51068.22,392,69.6,217,202,184,91.5,13.3,46080,35,35,38,35,90.1,2.8,22.1,2665,1712,844,659,27.1,40860,30885,7.25,72.1,75.1,1,32884831,5822401,17409779, , ,5.6,5.2,10.6,38.6,15.3,8,3.1,11.4,5.9,5.5,397.1,7.1,12.1,36.9,1.8,1.9,42.6,18.4,6.7,24.6,30.6,26.5,71.3,17.2,11.9,46,44.8,12.5,4.7,283,1062,63, ,110,5.6,743.5,3360,490.4,35.9,165,11.2,24,1.4,2.7,18.4,64.1,71.5,1.09,82.6,74.9,67.3,1.255539143279173,1.255539143279173
West Virginia,49,12.1,9.5,12.5,40.3,2.36,50.4,6,1819777,75.6,94.5,3.6,1.1,0.7,0.2,1,40.58,15.7,1.3,2.1,1,6.8,4.8,2.91,17.07,23,46.8,5.4,273.3,16.8,392,2188,211,0,2153.2,71.6,576.2,203.5,18.4,51575,2842.4,4968,273.8,60,3.3,362,20,889,49,3657,201.5,46607,2568.6,11066,609.9,32337,1782.2,3204,176.6,3757.3,6059,331, ,6750853,3.71,747,1848,10376,12,2,33978,31641,40909.76,338,77.8,177,148,151,99,13.9,45959,28,23,28,19,82.2,4,20.7,2509,1507,758,615,17.1,40941,27472,7.25,49.2,60.8,2,85723920,53329544,2923737,43.5,23.5,7.4,6.7,28.6,64.7,23.1,13.9,5.3,14.8,7.5,7,224.9,9.6,14.4,30.8,0.9,1.2,69,26.5,7.4,31.1,19.2,33.3,60.7,37.8,24.1,0,53.7,14.2,8.8,264,932,47,3.2,97,7.4,951.7,4530,562.2,62.2,236.9,14.1,22,1.2,2,26.5,68.8,76.5,1.83,89.5,66.1,53.4,1.2077294685990339,1.2077294685990339
Connecticut,7,11.9,8.1,6.9,35.1,2.55,50.3,7.2,3518288,726.2,84.3,10.3,12,3.5,0.4,1.5,39.38,13.7,13,19.8,9.7,5.5,3.2,3.13,8.5,12.5,31.7,2.7,421.4,7.3,211,2532,1401,1,5532.3,337.2,1163.7,456.1,12,96514,2756.5,10427,297.8,123,3.5,674,19.3,3907,111.6,5723,163.5,86087,2458.7,15011,428.7,62113,1774,8963,256,3824.4,20661,407,10,14954871,4.25,1386,2428,7901,8.8,1,61742,56272,65975.89,263,70.7,229,261,189,93.4,14.5,64350,41,37,46,40,88.6,2.1,23.5,3060,2281,605,553,35.6,58838,44625,8.25,63.9,67.6,3,4136192,2558357,437974,46,23.2,6.2,4.9,14.8,37.1,10.4,4.9,3.8,8.3,5.3,1.6,438.4,8.8,10.1,23.4,5.1,2.3,34.3,15.9,7.9,22.4,30.2,26.2,80.3,13.2,11.1,3,63.6,9.6,9,426,1010,78,1.8,337,6.2,694.1,6990,586.9,34.6,177.3,8,127,3.4,2.7,15.9,59.7,69.8,0.83,88,73.5,67.2,1.1796298072312266,1.1796298072312266
Illinois,14,14.1,8.5,10.1,40.1,2.63,48.8,7.2,12910409,232.3,79.1,14.9,15.2,4.3,0.3,1.2,36.01,12.2,13.8,21.9,12.8,5.9,2.5,3.29,12.13,17,36.9,2.5,240.16,11.3,223,2020,415,12, , , , ,9.7,446135,3458,67780,525.4,790,6.1,4118,31.9,24054,186.4,38818,300.9,378355,2932.6,78968,612.1,266815,2068.1,32572,252.5, ,45474,351,15,87934150,6.81,9480,14653,32857,8.3,1.6,49118,42347,53250.79,522,68.9,312,317,146,93,15.5,62077,32,30,38,33,85.9,4,20.8,2397,1682,600,648,29.9,50022,36968,8,60.6,64.7,2,114294948,40703384,8768573,43.7,20.3,7.3,6,13.7,34.7,11,8.1,6.7,7.9,4.8,3.1,625.6,7.9,10.3,31.1,3.6,2,42.2,21.3,7.3,28,28.3,28,68.9,19.1,15.3,52,55.6,13.4,17.5,313,847,65,2.4,257,7.3,758.5,23220,472.2,34.3,204.4,7.8,382,3,2.7,21.3,63.3,74.8,0.98,90.5,70.9,62.6,1.165535556211272,1.165535556211272
California,5,15.5,6.9,9.5,38.9,2.95,49.1,7.3,36961664,237,76.6,6.7,36.6,12.5,1.2,2.6,34.81,11.2,26.8,42.3,28.1,6.7, ,3.57,12.93,18.5,32,6.7,527.66,7.2,460,2992,782,13,5513.6,415.7,1157,524.4,9.4,1265920,3444.1,185173,503.8,2142,5.8,8903,24.2,69385,188.8,104743,285,1080747,2940.3,237835,647.1,650385,1769.4,192527,523.8,4234.2,173670,467,669,268685401,7.27,117637,57186,83521,7.4,1.5,50243,43641,57987.9,493,57.5,211,381,347,97.2,20.8,70458,23,21,30,23,80.2,5.5,22.2,2749,1889,740,643,29.6,47758,40521,8,57.7,60.2,12,54023294,15329864,3900865, , ,5,4.8,12.1,31.2,12.2,9.2,7.2,9.1,10.8,2.4,483.6,8.4,9.8,27.4,4.9,2,47.6,14,9.1,23.3,31.3,25.2,70.3,10.1,18.6,2,57.6,18.5,10,313,657,76,2.8, ,5, ,54600,411.7,31.6,192.5,9.2,1176,3.3,2.7,14,61.4,78.7,1.05,95.7,68.2,63.4,1.1567561145523375,1.1567561145523375
Arkansas,4,14.6,9.1,14.6,43.4,2.49,49.6,8.3,2889450,55.5,80.8,15.8,5.6,1.1,0.9,1.4,37.19,14.3,3.8,6.1,4.5,10.8,5.6,3.05,17.5,24.9,47.4,4.1,151.28,14.2,478,1846,288,27,5088.1,180.3,1462.2,365.2,14.1,123882,4338.5,14374,503.4,162,5.7,1395,48.9,2735,95.8,10082,353.1,109508,3835.1,33694,1180,69303,2427.1,6511,228,5756.5,14716,511,41,7093544,2.45,5321,4066,15117,12,2.3,34437,32397,40507,539,68.9,230,169,158,96.9,14.1,49051,29,25,36,27,82,4.6,20.6,2385,1542,726,552,18.8,36839,27487,6.25,55.9,63.5,6,43809072,16243004,6084676,42.2,16.4,8.5,6.9,15.7,50.3,25.9,15.2,8.3,13.4,6.1,6.6,665.2,8.3,13,27,1.5,1.6,58.6,22.3,8.6,29.7,24.3,31.3,63.5,23.1,19.3,35,46,17.6,9.9,231,802,41,4.7,122,8.5,881.8,6230,512.2,49.1,233,13.3,74,2.8,2.1,22.3,65.7,75.5,1.81,70.4,64.9,53.8,1.1270349241686377,1.1270349241686377
Texas,44,17.1,8.4,13.5,40.7,2.82,51,8.4,24782302,94.7,82.4,11.9,36.5,3.5,0.8,1.3,33.25,10.2,16,33.8,29,7.4,3.2,3.42,16.33,22.5,39.4,2.8,200.63,12.1,667,3162,830,423,6325.8,180.7,1181.1,565.2,10.7,1093134,4493.5,123564,507.9,1374,5.6,8014,32.9,37753,155.2,76423,314.1,969570,3985.6,230123,946,654097,2688.8,85350,350.8,4883.7,172506,639,354,143036730,5.77,124598,45056,76324,9.7,1.9,50294,37774,46853.1,196,65.5,244,220,198,103.7,14.5,47157,30,28,38,36,79.6,4,20.8,2475,1723,686,512,25.3,41539,32530,7.25,57,60,10,222562560,71514182,13204634,48.3,19.3,6.2,5.5,12,38.9,16.6,10.3,6.2,10,5.8,4.1,562.6,7.3,10.7,36.1,2.4,1.6,51.5,18.5,6.7,28.5,25.5,27.8,62.6,17.5,19.1,125,48.8,24.9,12.4,238,676,46, ,205,6.2, ,36030,396.3,41,197.4,10.3,1034,4.5,2.6,18.5,66.2,77.8,1.44,91.2,67.3,56.1,1.1119743614645043,1.1119743614645043
Rhode Island,40,11.7,8,9.7,44,2.54,45.3,7.5,1053209,1007.9,88.5,6.4,11.6,2.8,0.6,1.6,38.78,14.1,12.2,20,9.8,6.2,2.7,3.24,11.6,15.5,32.5,4.8,411.79,9.7,191,1838,631,0,5202.5,186.6,1098.2,397.5,16.5,32470,3090,2621,249.4,29,2.8,277,26.4,879,83.7,1436,136.7,29849,2840.6,5750,547.2,20899,1988.9,3200,304.5,3345.8,4045,240, ,11814031,11.22,1236,4213,4971,9,1,45075,41368,55639.23,468,64.5,284,311,209,86.5,13.1,59636,31,27,39,28,83.7,5.8,22.8,2651,1965,535,704,30,49265,36536,7.4,62.6,71.1,1,519459,242335,5130,42.9,23.2,6.1,5.7, ,40.7,8.3,4.4,3.7,8.4,8.9,1.2,344.3,10.6,12.8,28.7,4.8,2.5,37.3,17.4,12.5,24.2,27.7,28.4,79,17.7,13.5,0,63,10.4,6.3,423,1078,54,1.9,390,6.1,749.8,2220,593.4,36.4,200.8,8.1,27,2.4,2.9,17.4,60,77.5,0.79,72,75.5,67.4,1.1064479206409767,1.1064479206409767
Oklahoma,37,15.2,8.2,13.9,41.3,2.51,50.3,7.1,3687050,53.7,78.1,8,7.6,1.7,8,4.1,36.07,13.5,5,8.4,5.5,6.8,5,3.09,16.27,22.6,43.1,2.9,182.71,12.8,740,3252,832,88,5573.7,202.9,1339.9,481.2,14.7,144568,3969.1,19184,526.7,212,5.8,1466,40.2,3683,101.1,13823,379.5,125384,3442.4,35081,963.1,79422,2180.5,10881,298.7,4438.2,25864,661,85,13999310,3.8,22005,20845,19147,12,2.5,40207,35985,44153.98,353,70.4,227,199,185,100.5,13.7,44143,27,26,33,24,85.5,3.5,20.7,2402,1502,784,559,22.2,39860,30123,7.25,57.8,61.4,5,34080993,15317877,3508076,43.1,15.9,8,6.8,15.4,57,22,13.5,6.3,15,9.9,6.1,554.9,8.9,14,29.8,1.5,1.6,58.5,24.7,8.5,31.5,24.9,31.5,57.9,26.8,18.7,34,50.8,16.9,14.5,201,734,50,6.1,131,8,919.9,7420,491.2,56.3,251.1,15,89,2.6,2.2,24.7,66.6,71.7,1.54,84.3,70.1,58.7,1.1050875729774812,1.1050875729774812
New Mexico,32,15.5,8.8,15.7,51.8,2.62,45.9,8.3,2009671,16.6,84,3,44.9,1.4,9.7,1.8,35.81,13.1,9.6,35.4,27.9,4,4.1,3.26,17.9,24.2,38.9,4.5,292.61,14.5, , , ,1,6082.8,279.2,1543.7,583.1,12.1,90468,4559.1,12896,649.9,142,7.2,1139,57.4,2172,109.5,9443,475.9,77572,3909.2,21713,1094.2,47855,2411.6,8004,403.4,5429,6402,316,2,7072396,3.52,8943,6652,7264,11.9,2.3,40265,33430,43635.84,273,70.4,257,304,239,93.2,14.8,46401,24,17,26,20,82.4,6.1,20,2820,1641,996,643,24.7,40359,30623,7.5,56.2,61.8,4,18342054,950236,56100,43.2,25,5.8,5.7, ,66.4,24,14.5,6.9,18,18,3.4,543.6,8.5,12.7,36,2.7,2,52.9,19.4,9.6,23.9,29.2,25.6,66,18.1,18.2,4,51.1,23,31.5,282,599,46,6.7,203,5.8,751,3300,439.4,67.1,172.6,18,39,2.2,2.8,19.4,59.9,77,1.39,91.1,69.3,62.6,1.1011166253101736,1.1011166253101736
Michigan,23,12.4,8.2,10.1,39.4,2.56,49.6,7.6,9969727,175.5,81.2,14.2,4.1,2.4,0.6,1.5,37.99,13,5.8,8.8,2.9,5.6,3.4,3.16,13.97,19.4,40.7,4.1,372.75,14.5,412,2262,397,0,3712.4,225.4,1069.8,337.8, ,343751,3436.3,50166,501.5,542,5.4,4502,45,12964,129.6,32158,321.5,293585,2934.8,74176,741.5,183168,1831.1,36241,362.3,3195.7,48738,488, ,34075707,3.42,1639,8320,22196,9.5,1.8,38241,34949,51001.42,652,75.9,205,233,236,95.5,17.6,57958,32,28,35,31,88.1,7.4,19.6,2807,1884,839,646,24.7,48720,35260,7.4,57.4,66.4,17,96223791,49353621,575930,42.8,18,7.4,5.8,14.9,35.6,11.6,11.5,7.2,11.3,6.9,2.8,617.5,9.9,12,28.2,2.6,2.2,43,20.5,9.1,25.1,29.5,28.6,76,15.6,14.4,3,56.9,11.3,10.8,286,866,61,3.1,201,7.4,806.1,20450,537.1,34.9,227,11.1,184,1.8,2.5,20.5,64.7,74.5,0.96,97.2,77.1,67.8,1.0804130287445681,1.0804130287445681
New York,33,13.1,8.2,7,40.7,2.65,45,7.9,19541453,413.9,73.4,17.3,16.7,7,0.6,1.6,37.98,13.4,21.7,29,14.2,6.9,2.7,3.33,13.83,19.1,35.3,4.7,508.73,11.9,174,1627,778,0,4184.6,260.3,1141.1,535.9,18.9,466118,2391.6,77585,398.1,836,4.3,2801,14.4,31778,163,42170,216.4,388533,1993.5,65735,337.3,297684,1527.3,25114,128.9,3259.9,60347,307,0,277150581,14.18,23454,11807,39063,6.6,1.2,58721,48753,50927.01,266,55,344,393,291,85.5,13.1,71470,36,32,40,34,84.1,5.3,23.1,3133,2469,562,598,31.9,48882,40490,7.25,57.3,63.2,24,34901068,14214281,6400905,43.7,18.6,5.6,4.9,9.2,27.1,8.3,5.2,5,6.9,5.7,2.4,552.9,8.8,11,23.2,4.1,1.9,44.4,16.8,9.1,26.4,27.5,27.2,74.2,17,15.5,11,58.7,13.8,11.3,437,867,78,4.9,510,5.6,686.5,34190,519.7,25.9,233.1,6.6,1471,7.3,2.3,16.8,60.3,73.3,0.92,89.1,65.8,58.8,1.0775278726557969,1.0775278726557969
Kansas,17,15.1,6,10.3,36.5,2.45,52,7,2818747,34.5,88.7,6.2,9.1,2.2,1,1.8,36.17,13.1,5.9,9.9,6.6,6.7,3.6,3,11.63,14.5,31.6,2.6,324.33,7.8,443,3096, ,0,5411.8,162.6,1109.7,472.3,3.3,106140,3787.8,11505,410.6,113,4,1190,42.5,1684,60.1,8518,304,94635,3377.2,19612,699.9,67628,2413.4,7395,263.9,4238.4,8539,303,8,7409670,2.63,21033,6945,13656,10.9,2,43799,38820,48960.54,363,68.8,261,244,138,92.6,13.2,46957,36,35,46,39,89.5,2.7,21.9,2547,1614,863,660,29.6,43346,32066,7.25,65.9,68.7,5,26194077,11631024,586162,42.4,15.3,7.1,6.1,19.3,43.3,17.8,10.8,4.1,13.7,6.7,5.1,414.7,8.7,11.9,29.7,1.3,1.8,50.2,17.9,7.4,25.5,25.8,26.8,71.9,20.5,13.5,87,55.3,12.4,12.5,262,894,52, ,273,7.1,782.5,5290,464,41.5,183.6,13.8,28,1.1,2.2,17.9,65.7,76.7,1.3,77.4,69.7,63.3,0.9821816601477619,0.9821816601477619
Wisconsin,50,13,7,8.7,35.4,2.43,51.1,6.5,5654774,104.1,89.7,6.1,5.1,2,1,1.2,38.17,13.3,4.4,8.1,4.2,5.6,3,2.99,10.73,13.3,32.6,2.4,412.92,9.7,415,4416, ,0,17047.8,279.9,2599.2,782.7,5.9,170548,3030.4,15421,274,146,2.6,1120,19.9,5126,91.1,9029,160.4,155127,2756.4,27479,488.3,116128,2063.4,11520,204.7,7435.5,23380,374, ,14609829,2.58,1267,2524,19662,9.9,1.8,42720,37767,53216.08,455,70.4,237,267,244,90.3,14.8,52644,36,33,45,39,89.6,2.2,22.3,2656,1704,861,606,25.7,45266,33640,7.25,66.5,73.8,6,46273673,19925757,4100243,48.9,20.3,6.4,5,18.3,45.4,13.8,7.6,3.5,12.1,7.6,2.7,484.7,9.4,11.1,38.9,2.9,3.1,33.4,19.9,8.2,22,32.1,26.3,73.3,14.5,12.3,19,52.2,8.9,10.6,297,919,57,3.1,132,6.4,732.8,11170,487.4,42.7,181.1,11.9,52,0.9,3.4,19.9,63.6,79.6,1.05,74.2,76.4,71.2,0.9467609104467932,0.9467609104467932
South Carolina,41,14.3,10.1,13.4,46.6,2.55,48.3,8.4,4561242,151.5,68.7,28.5,4.1,1.2,0.4,1.1,37.58,13.3,4.4,6.1,3.7,6.4,2.5,3.13,15.47,21.7,41.2,3.1,178.43,15.1,415,1856,476,40,3963,193.3,787.6,389.7,12,222374,4963.9,32691,729.7,305,6.8,1638,36.6,6599,147.3,24149,539.1,189683,4234.2,45967,1026.1,126064,2814.1,17652,394,4033.1,24326,519,58,8412080,1.84,35425,9748,22540,12,1.5,34909,32666,43457.71,204,73.9,256,205,150,92.5,15,48417,26,25,34,30,83.2,3.9,19.8,2576,1695,673,502,23.7,40998,31063, ,56.5,65.9,4,67099407,46873186,3780395,36.8,18.6,8.4,5.7,13.8,53.6,24.2,14.3,9,12.1,8.1,4.3,813.6,8.3,12.2,36.2,2.2,2.1,56.8,20,6.6,27.2,25.4,30.4,67.7,22.7,16.2,17,54.8,16.1,13,261,819,46, ,113,8.4,851.4,9100,484.5,53.2,200.2,11.9,256,5.9,2.8,20,65.9,78.4,1.85,79,74.5,65.6,0.9329784956104127,0.9329784956104127
Delaware,8,14.1,9.3,10.4,46.9,2.58,49.5,7.3,885122,453,74.3,20.9,6.8,2.9,0.4,1.4,38.19,13.9,7.7,10.6,5.5,6.2,3.6,3.14,10.53,13.6,25.6,3,245.08,10.3,396,2517,683,14,7928.2,632.1,1784.1,776.4,10.3,37444,4288.7,6141,703.4,57,6.5,366,41.9,1838,210.5,3880,444.4,31303,3585.3,6760,774.3,22002,2520,2541,291,4883.9,7075,463,20,6727997,7.6,3511,1582,5514,11.9,1.8,70815,40519,54462.04,309,76.2,239,359,309,85.1,15,57080,34,31,36,32,87.2,5.5,22.6,3133,1930,996,616,27.5,46898,37049,7.25,59,70.9,6,17394539,6894090,2950375,45.2,25.1,8.3,6.2,14.3,38.5,16.4,9.3,5.9,10.7,6.8,2.6,570,9.6,10.5,35.1,5.2,3.4,42.8,17.8,8.6,24.1,26.7,29.3,76.9,16.7,13.1,0,61.4,11.4,13.6,283,1034,47, ,401,8.3,774.1,1860,529.9,37.9,201.2,10.4,54,6.1,3.7,17.8,63.8,71.8,1.35,91.3,73.8,67.3,0.9281875915974597,0.9281875915974597
Colorado,6,14.6,9,9.7,25.4,2.55,49.9,6,5024748,48.4,89.7,4.3,20.2,2.7,1.2,2,35.75,10.3,10.1,17,12,7.7,4.2,3.17,11.8,15.1,29.9,1.7,279.55,6.4,525,3491,1042,1,9571.7,198.9,1852,762.2,8.9,157671,3192.1,16946,343.1,157,3.2,2098,42.5,3365,68.1,11326,229.3,140725,2849,28256,572,98950,2003.3,13519,273.7,5073.3,23274,467,2,19209759,3.82,29527,10896,16610,11.4,1.5,50330,42985,61303.7,503,69,241,278,243,95.7,16.8,49505,36,35,45,40,88.9,6.9,20.8,2384,1580,734,671,35.6,47270,36618,7.24,63.5,63.4,3,24449862,2886925,3357389, , ,5.7,5.5,12.4,40.3,12.4,10.5,3.8,15.4,11.1,3.9,474.4,8.1,11.2,32.3,4.1,2.7,38.5,17.6,11,18.9,33,21.2,68.5,15,13.3,58,52.1,16.5,11.7,301,799,66,4.5,156,5.7,700.8,6740,404.8,42.1,151.6,15.2,83,1.7,3.1,17.6,55.3,79.4,1.15,81.7,72.2,68.4,0.9264723238522365,0.9264723238522365
Florida,10,13.1,8.7,10.9,46.1,2.54,47.8,7,18537969,343.8,79.8,15.9,21,2.3,0.5,1.4,40.21,17.4,18.5,25.9,18.9,8.1,4.5,3.13,12.63,18.3,32.1,2.8,253.95,10.5,588,2615,382,66,6666.2,471.8,2068.2,733.2,13.2,885199,4829.7,126265,688.9,1168,6.4,5972,32.6,36273,197.9,82852,452,758934,4140.8,188467,1028.3,506958,2766,63509,346.5,6285.1,102388,557,390,71139501,3.84,42346,26458,48175,11.8,1.3,40599,39267,47062.39,465,71.1,262,345,232,98.2,15.8,46912,34,28,40,29,85.2,3.8,19.5,2162,1597,445,555,25.8,40672,32506,7.25,56.8,67.4,23,120461757,61401211,1166540,42.3,18.9,7.3,5.9,11.9,49.3,19.2,11.5,6.7,13.5,9.7,3.4,522.6,6.6,10.2,32.3,4.2,2.5,48.7,17.5,7.7,25.9,26,28.2,69.1,16.7,15.6,34,55.1,20.5,14.9,304,793,53, ,404,7.3,685.7,41270,551.4,46,175.1,12.6,1753,9.7,3,17.5,60.2,79.9,1.5,81.7,70.4,63.8,0.9250386092741456,0.9250386092741456
Montana,27,13,7.2,9.7,35.9,2.5,51.2,5.6,974989,6.7,90.5,0.7,3,0.6,6.4,1.7,39.3,14.2,2.2,4.7,1.3,7.5,3.6,3.11,14.17,20.6,41.8,2.5,373.24,9.5,433,3569,846,3,7475.8,112.4,1837.2,306.2,8.6,27679,2861.1,2497,258.1,23,2.4,294,30.4,172,17.8,2008,207.6,25182,2603,3332,344.4,20277,2095.9,1573,162.6,3471.7,3607,368,2,6730288,6.9,3422,1474,5837,13.8,3.6,37099,34644,44042.56,253,70.3,206,215,189,89.2,13.6,45759,39,39,45,44,90.9,3.7,22,2438,1493,788,500,27.1,38440,29634,7.25,60.9,64.6,0,48349738,3902100,170145,46.5,21,5.8,5, ,59.1,27.9,12.7,3.7,20,15.8,8.2,337.1,9.6,11.3,40,3.1,2.4,41.7,18.5,10.3,23.1,32.8,25.2,66,18.7,14,7,40.2,16.3,23.7,269,773,57,3.1,169,5.8,772.9,1980,547.7,55.8,168.4,19.7,6, ,3.2,18.5,61.7,59.2,2.12,79.3,71.3,65.4,0.92110532639167,0.92110532639167
Tennessee,43,14.1,9.4,13.2,42.8,2.49,49.7,7.5,6296254,152.8,80.4,16.8,3.7,1.3,0.3,1.1,37.73,13.2,4,5.7,3.2,9.8,4.2,3.07,15.87,21.8,41.8,4.9,166.5,17,487,2006,561,4,6769.8,317.1,1345.5,572.7,10.9,296142,4765,44897,722.4,408,6.6,2062,33.2,10800,173.8,31627,508.9,251245,4042.6,65006,1046,167015,2687.3,19224,309.3,6264.7,27228,436,87,19564050,3.11,2285,7507,24658,10.6,1.7,40568,34976,41978.4,843,71.7,258,221,154,91.7,14.9,46290,27,26,28,25,83,3.1,20.6,1852,1240,489,529,22.9,40458,31091, ,56.2,64.9,6,120567890,53665743,2706182,36.7,19.4,8.7,6.8,16,54.8,22.8,15.6,8,14.5,8,4.8,604.7,9,13.7,28.4,1.7,1.5,66.4,23.1,8.8,28.9,18.5,33.8,66.8,31.5,20.5,57,56.3,14.4,10.4,295,987,50, ,212,8.7,885,13340,517.3,54.2,233.3,14.2,256,4.2,2.1,23.1,68,81.2,1.49,81.5,64.5,55.5,0.9087466868610375,0.9087466868610375
Iowa,16,13.7,6.8,8.7,34.3,2.38,52.2,6,3007856,53.8,94.2,2.7,4.2,1.6,0.4,1.1,38.12,14.8,3.7,6.4,3.5,6.5,2.4,2.92,11.17,14.4,38.1,2.9,322.76,9.8,309,4200,764,0,7126.5,253.4,1799.6,397.4,19.8,81209,2704.7,8520,283.8,76,2.5,888,29.6,1248,41.6,6308,210.1,72689,2420.9,16450,547.9,51907,1728.8,4332,144.3,4216.3,8766,291, ,7097117,2.36,482,1637,14133,10.5,1.8,45196,37402,50774.05,316,74,184,197,146,94.3,13.4,50547,36,36,41,34,90.3,2.3,22.4,2719,1647,950,765,24.3,41677,31903,7.25,68,74,10,43405128,24050708,3445959,41,11.5,5.1,4.9, ,39.8,15.3,6.5,2.4,11.2,6.2,5.8,371,7.7,11.4,35.5,1.5,1.9,42,18.8,5.2,25,25,26.8,73.4,18.5,12.5,42,55.2,9.8,10.8,219,1008,54,2.5,166,5.1,719.3,6360,556.5,35.4,184.7,11.1,16, ,2.6,18.8,64.3,74.7,1.34,92.9,76.3,70.2,0.892018779342723,0.892018779342723
Washington,48,13.8,6.3,8.4,33.2,2.51,49.9,6.4,6664195,100.1,84.3,3.7,9.8,6.7,1.7,3.1,37.23,12,12.3,16.7,7.3,6.4,3.7,3.09,11.5,14.3,33,3.7,431.11,11.4,393,2522,527,4,6076.8,247.1,1756.5,506.3,4.5,267839,4089.6,21691,331.2,192,2.9,2628,40.1,6347,96.9,12524,191.2,246148,3758.4,52478,801.3,165339,2524.6,28331,432.6,4809.6,17926,272,8,30615761,4.59,41608,25969,25604,12.7,1.7,49285,42857,58460.13,426,66.2,174,219,245,93.1,19.1,53653,36,34,43,39,89.6,5.1,22.8,2558,1588,792,573,30.7,51272,37932,8.55,62.9,60,17,28388092,8920877,1354439, , ,4.7,4.4,7.4,41.9,11.6,8.5,3.5,12.6,10.4,2.5,382,9.3,10.4,27.9,4.4,2,41.4,15.7,10.2,19.3,30.8,25.4,73.3,13.8,13.4,2,58.6,11.8,9.4,317,792,70, ,283,4.7,722.8,11210,484.5,41.1,165.8,12.3,100,1.4,2.7,15.7,61.8,73.5,0.94,96.5,71.7,66.8,0.885159743672491,0.885159743672491
Nevada,29,16.1,8.2,10.8,42,2.69,47.2,7.1,2643085,24.1,80.9,8.1,25.7,6.2,1.5,2.8,35.87,11.4,18.9,27.9,20.1,43.1,6.5,3.32,10.77,15,28,2.1,344.39,7.6,627,2916,621,12,8805.6,335.4,1717.1,615.3,8.2,108477,4172,18837,724.5,163,6.3,1102,42.4,6473,248.9,11099,426.9,89640,3447.5,24156,929,49581,1906.8,15903,611.6,6536.8,12743,486,81,16492596,6.24,9745,2190,8443,12.7,1.9,50471,41182,55570.05,1009,63.6,256,385,259,97.5,18.3,51524,24,22,32,25,83.5,4.5,21.5,2212,1610,540,526,21.9,45178,34724,7.55,60.4,62.4,0,221495219,1439778,144,37,15.5,6.4,5.8,15.7,43.7,17.7,16.2,8.8,19.5,8.7,3.1,464.6,8.6,12,42.6,5.5,3.5,43.1,22.2,9,27.6,28.3,27,63.7,17.7,18.7,2,62.8,18.5,12.6,218,610,50,8.8,287,6.4,801.6,4600,454.8,44.5,226.7,19.5,74,2.9,4.1,22.2,62.6,67.8,1.56,90.9,66.9,59.9,0.8653182566226044,0.8653182566226044
Oregon,38,13.2,6.1,8.9,35.1,2.51,49.6,6.1,3825657,39.9,90.1,2,11,3.6,1.4,2.5,38.04,13.3,9.7,14,8.3,7.2,4,3.09,13.27,18.1,39,2.8,395.62,15.2,502,2930,573,2,7690.2,191.5,1909.7,612.6,13.4,134144,3539.4,9747,257.2,82,2.2,1156,30.5,2641,69.7,5868,154.8,124397,3282.2,20879,550.9,92187,2432.3,11331,299,4045.6,14167,371,35,15401772,4.03,971,3281,13199,11.6,2.4,42631,36297,51393.63,434,66.2,176,259,265,89.4,18.8,55224,28,34,37,37,88.6,4.6,21.4,2318,1447,798,581,28.1,43226,33959,8.4,59.9,61.3,4,22363434,9837543,2847886, , ,5.5,5.3, ,42.9,13.8,10.4,3.1,15.6,12.8,3,320.1,8.6,11,32.3,4.3,2.2,43.7,16.3,10.2,19,31.5,26.5,71.4,16,13.2,4,52.6,17,7.8,330,792,68,4.3,241,5.5,753.9,7380,502.1,40.5,160,15.2,50,1.4,2.9,16.3,61.7,71,1.24,96.3,73,67.6,0.8412844977941931,0.8412844977941931
Wyoming,51,15.1,9.1,11.8,34.7,2.48,52.4,5.8,544270,5.6,93.9,1.3,7.7,0.7,2.5,1.5,36.84,12.3,2.3,5.9,3.9,8.9,5.1,3.06,9.17,11.6,32.1,1.2,211,4.9, , , ,1,12375.3,131.7,1978.7,910.9,6.2,15710,2949.3,1236,232,10,1.9,180,33.8,86,16.1,960,180.2,14474,2717.3,2184,410,11577,2173.4,713,133.9,7761,2084,387,1,6719732,12.35,3142,1078,3887,13.9,3.1,66289,48608,51396.06,214,73.3,328,335,328,93.1,12.5,55694,36,33,40,35,91.7,5.1,20,3840,2636,1027,639,23.6,48555,31204,5.15,64.2,64.1,1,15531604,2223394,9916,42.4,14.4,7,6.6, ,59.4,29.7,15.5, ,22.5,17.1,11.6,325.9,9.2,12.6,37.7,2,3,45.9,19.4,8.7,24.4,32.7,25.1,68,19.1,13.1,12,46,13.9,19,227,807,51, ,1,7,801.6,990,459.3,58.9,189.4,21.7,3, ,3.2,19.4,62.1,64.6,1.68,68.6,69.3,64.3,0.8090614886731391,0.8090614886731391
Minnesota,24,14.2,6.7,7.1,32.7,2.43,51.4,5.9,5266214,66.2,89,4.6,4.1,3.5,1.2,1.5,37.31,12.5,6.5,9.7,3.6,5.5, ,3.02,9.63,11.4,32.7,2.7,339.71,6.6,212,1937, ,0,8464.2,209.1,1890.1,513,5.4,162527,3113.4,13717,262.8,109,2.1,1805,34.6,4177,80,7626,146.1,148810,2850.6,26410,505.9,112322,2151.6,10078,193.1,4027.7,9406,179, ,19907805,3.78,936,2656,22783,9.8,1.4,50350,43037,58413.51,372,73.1,177,272,162,92.5,15.8,53069,37,37,54,47,91.6,3,22.7,2674,1784,706,723,31.5,48637,37281,6.15,67.4,73.7,21,28051229,11303887,2072875, , ,5.2,4.7,8.3,37.1,11.8,6.4,2.5,10.7,7.2,2.4,336.7,7.8,10.9,29.3,2.8,2.7,36.7,17.6,8.3,18.1,22.8,21.4,75.3,13,11.4,31,53.5,8.7,5.4,334,1065,62,2.1,191,5.2,662.2,9020,449.5,35.2,133.9,10.6,53,1,2.8,17.6,62.8,74.6,0.79,86.7,79.7,75,0.794634395275935,0.794634395275935
Hawaii,12,14.9,8,8.5,36.9,2.87,51.3,5.4,1295178,201.6,29.7,3.1,8.7,39.3,0.6,18.3,37.96,14.8,17.8,25.4,2.6,19.5, ,3.43,8.8,10,24.6,2.9,543.49,8.8,453,851,185,0,11056.7,264.7,1407.2,375.9,7.3,49516,3843.8,3512,272.6,25,1.9,365,28.3,1086,84.3,2036,158.1,46004,3571.2,9379,728.1,31492,2444.7,5133,398.5,4612.1,5955,332, ,11810295,9.12,39770,17340,10806,11.7,2.1,49563,42055,64192.6,218,59.1,238,239,154,92.9,15.8,58168,26,20,37,25,90.3,5.4,21.5,2537,1691,807,535,29.1,45577,36709,7.25,58.3,66.3,1,3015062,2267707,446948,29.1,15.7,5.6, , ,34.3,12.2,2.6,2.2,9.3,5.1,2.9,515.9,9.6,8.2,33.3,4.3,2.2,50.8,15.4,7.5,19.6,30.4,28.8,75.4,9.6,14.8,0,88.5,8.1,2.8,367,680,82,3.6,210,5.6,607.7,2270,494.1,31.7,147.2,9.2,18, ,2.9,15.4,57.3,77.4,1.04,97,59.1,51.8,0.7118451025056948,0.7118451025056948
Idaho,13,16.7,6.5,9.1,25.5,2.63,56.3,6.5,1545801,18.7,94.6,0.9,10.2,1.1,1.5,1.7,34.39,12,5.9,10.1,7.4,9.5,4.7,3.12,12.43,15.8,40.6,1.7,302.67,8.8,675,2869,1654,1,8927.9,136.4,1767.2,469.1,3.9,35502,2329.8,3483,228.6,23,1.5,551,36.2,241,15.8,2668,175.1,32019,2101.2,6701,439.8,23650,1552,1668,109.5,5006.7,7290,474,17,6743796,4.36,4386,1642,7243,12.3,2.2,34615,33074,49281.29,446,75,213,200,180,94.9,18.1,46283,35,32,41,38,87.9,2.6,21.6,1981,1273,618,522,24,41461,29730,7.25,57.9,58.2,3,68400130,4180921,3185716,42.5,17.9,6.8,6.7, ,46.5,20.3,12.3,2.6,15.1,8.8,5.1,292.7,8.9,11.5,30,6.6,1.9,53.1,16.9,7.4,21.1,33.4,25.9,69.5,17.3,14,2,43.9,15,16.7,201,710,58, ,52,6.8,734.9,2450,439.9,47,168.5,15.6,8, ,3,16.9,62.2,60.4,1.52,76.9,68.9,61.4,0.6603502727533735,0.6603502727533735
Utah,45,20.8,6.7,6.9,19.6,3.15,60.5,5.5,2784572,33.9,92.9,1.3,12,2,1.4,1.7,28.75,9,8.3,14,9.2,7.3,3.5,3.67,9.97,10.5,29.5,1.4,474.51,6.7,392,3588,838,6,8338.5,121.8,2130.1,564.2,16.7,97943,3579.2,6070,221.8,39,1.4,893,32.6,1421,51.9,3717,135.8,91873,3357.4,14682,536.5,69996,2557.9,7195,262.9,4797,6546,232,10,9990734,3.59,4926,14258,13496,8.2,1.2,40117,31944,58819.69,469,76.2,191,219,179,95.4,23.7,43068,34,30,41,35,90.4,3.1,21.8,2393,1327,971,634,29.1,45028,31183,7.25,60.4,51.5,4,169070157,9292720,94394,17,8.7,5.1,5.1, ,28,13.4,8.8,2,14.2,5.6,4.9,246.5,8.4,12.6,19.6,1.4,1.2,74.6,9.3,6.4,19.8,35.8,19.7,72.7,13.9,10.6,3,51.1,14.5,10,237,632,64,3.9,70,5.1,694.2,2760,318.9,30.9,156.3,15.8,28,1.3,1.6,9.3,58.2,76.6,1.06,86,59.7,53.1,0.642504118616145,0.642504118616145
New Hampshire,30,10.8,6.3,6.6,31.4,2.53,54.6,5.7,1324575,147.7,95.5,1.2,2.6,1.9,0.3,1.1,40.19,12.9,5,7.9,2,6.9,3.7,3.01,7.57,9,30.1,1.9,467.25,6,289,2666,1063,0,6250.9,84.2,772.1,581.1,3.1,29595,2249.1,2069,157.2,13,1,391,29.7,419,31.8,1246,94.7,27526,2091.9,4286,325.7,21853,1660.8,1387,105.4,4226,2904,220,1,7056165,5.33,389,992,4823,12.7,2.4,45603,43623,67508,336,75,216,225,125,90.8,13,51365,41,37,56,43,90.9,3.2,23.5,2475,1819,581,589,33.3,51655,36946,7.25,65.5,70.1,0,4018879,3848919,42824,44.8,22.9,6.1,5.7, ,35,9.8,6.2,1.5,11.5,7.6,1,169.4,10.4,11.2,43.8,6.5,4.8,35.7,17.1,9.8,21.5,31.2,26.3,76.8,18.5,11.4,0,64.8,10.7,4.1,331,992,63, , ,6.1,727.2,2620,576,33.7,178.3,11,12, ,4.8,17.1,63.1,81,1.07,69.2,76,71.2,0.6283228612856452,0.6283228612856452
Alaska,2,16.2,5.7,10.1,37.2,2.8,48.9,7.4,698473,1.2,70.6,4.3,6.1,4.5,15.3,4.6,33.33,7.3,6.5,14.8,3.6,8.5,4.3,3.38,9.4,11,23.1,2.8,601.33,9.2,500,2163,380,0,5066.8,271.9,1651.7,339.8,17.2,24598,3584.2,4474,651.9,28,4.1,441,64.3,645,94,3360,489.6,20124,2932.3,3240,472.1,15246,2221.5,1638,238.7,5745.7,5014,430, ,7358300,10.53,20827,4933,5711,15.1,2.9,69813,44039,63216.74,120,66.4,215,347,353,103.3,17.2,59729,29,27,38,33,91.6,7.3,21,3820,2783,917,416,27.3,51500,37861,7.75,65.6,64.9,3,584716753,1389452,63962,39.7,20.5,6.9,4.5, ,47.2,12.7,16.6,6.4,20.1,21.3,9.9,795.9,9.6,11.3,33.9,4,3,46.8,21.5,10.7,24.1,39.5,24.9,66.3,20.7,14.2,0,46,18.2,14,251,777,76,4.9,175,6.9,756.5,830,362.2,51.9,167.2,20,10, ,3.3,21.5,65.5,69.2,1.27,84.9,73.7,65,0.6258381761287439,0.6258381761287439
Massachusetts,22,12.1,7.9,6.4,33.4,2.53,47.3,7.1,6593587,841,86.2,7,8.6,4.9,0.3,1.4,38.65,13.4,14.4,21,7.3,5.2,2,3.17,9.93,12,30.3,4.2,479.39,9.5,201,1635,1229,0,3057.8,334.1,580.3,359.8,26.3,185133,2849.1,29174,449,167,2.6,1736,26.7,7069,108.8,20202,310.9,155959,2400.1,36094,555.5,107128,1648.6,12737,196,2570.2,11408,218, ,35713314,5.42,2283,6404,18209,8.1,1.6,56170,51254,60038.43,290,65.7,283,282,199,91.2,13.6,68000,49,43,57,52,88.7,3.8,23.9,2584,1858,569,713,38.1,55555,43452,8,61.9,67.9,4,6539205,4237727,12727,46.2,24.6,4.8,4.6,8,34.4,7.6,3.3,2.8,7,5.8,1.9,307.8,9.6,10.4,25.6,5.4,2.4,36.4,16.1,9.8,22.1,29.7,26.4,79.3,18.3,12.3,1,68.7,7.1,6.9,517,1218,82,2.3,312,4.8,707.7,13140,547.2,32,169.5,6.7,182,2.7,2.8,16.1,58.1,82.3,0.67,66.8,72.6,67.1,0.572427503941866,0.572427503941866
North Dakota,35,13.8,6.3,8,32.6,2.24,51.2,5.4,646844,9.4,91.4,1.1,2.1,0.7,5.6,1.2,37.06,14.7,2.3,5.5,1.4,6.4,2.7,2.82,11.83,15.3,43.8,2.1,319.38,8.2,267,2683,848,0,11572.7,117.1,2116.8,478.8,9,13220,2060.9,1068,166.5,3,0.5,232,36.2,72,11.2,761,118.6,12152,1894.4,2106,328.3,9164,1428.6,882,137.5,4804.8,1452,225, ,6722374,10.39,6626,1820,5536,11.5,2.8,48650,39870,47494.39,235,66.6,206,166,140,92.9,11.8,42964,35,32,45,43,89.6,2.3,21.5,2732,1523,1119,606,26.9,41249,29589,7.25,67.7,74.8,2,22129548,4491315,82123,46.1,14.8,5.8,4.9, ,43.2,17.9,7.2, ,14.2,10.1,7.5,322.7,7.9,12.3,40.1,2.1,3,42.2,18.1,6.2,25.6,28.9,26,74.1,20.1,13.4,33,52.2,11.4,22.3,279,988,51, ,151,5.8,681,1300,494.7,39.5,181.5,13.6,2, ,3.3,18.1,67.4,69.8,1.33,81.6,83.7,67.5,0.2808988764044944,0.2808988764044944